<?xml version="1.0" encoding="UTF-8" standalone="yes"?>
<addon id="repository.arthasdesign" name="Repository Arthas Design" version="1.0.1" provider-name="Arthas Design">
	<extension point="xbmc.addon.repository" name="Repository Arthas Design">
		<dir>
			<info compressed="false">https://arthasdesign.it//kodi/_repo/nexus/addons.xml</info>
			<checksum>https://arthasdesign.it//kodi/_repo/nexus/addons.xml.md5</checksum>
			<datadir zip="true">https://arthasdesign.it//kodi/_repo/nexus/</datadir>
			<hashes>true</hashes>
		</dir>
	</extension>
	<extension point="xbmc.addon.metadata">
		<summary>Repository Arthas Design </summary>
		<description>The official Repository of Arthas Design.</description>
		<disclaimer>Repository Arthas Design did not make all the add-ons in this repository and is not responsible for their content, nor is it responsible for the use that the user makes of the addon itself.</disclaimer>
		<platform>all</platform>
		<forum></forum>
		<social></social>
		<website></website>
		<assets>
			<icon>icon.png</icon>
		</assets>
	</extension>
</addon>
