<?xml version="1.0" encoding="UTF-8" standalone="yes"?>
<addon id="plugin.video.s4me" name="Stream4Me BETA" version="1.7.8" provider-name="S4Me Team">
  <requires>
    <!-- <import addon="script.module.libtorrent" optional="true"/> -->
    <import addon="metadata.themoviedb.org" optional="true"/>
    <import addon="metadata.tvshows.themoviedb.org" optional="true"/>
    <!-- <import addon="metadata.tvdb.com"/> -->
    <import addon="script.module.web-pdb" />
  </requires>
  <extension point="xbmc.python.pluginsource" library="default.py">
    <provides>video</provides>
  </extension>
  <extension point="kodi.context.item">
    <menu id="kodi.core.main">
      <item library="contextmenu.py">
        <label>90001</label>
        <visible>!String.StartsWith(ListItem.FileNameAndPath, plugin://plugin.video.s4me/) + [ String.IsEqual(ListItem.dbtype, tvshow) | String.IsEqual(ListItem.dbtype, movie) | String.IsEqual(ListItem.dbtype, season) | String.IsEqual(ListItem.dbtype, episode) ]</visible>
      </item>
    </menu>
  </extension>
  <extension point="xbmc.addon.metadata">
    <summary lang="en">Stream4Me is a Kodi add-on to search and watch contents on the web.</summary>
    <summary lang="it">Stream4Me è un addon per Kodi per cercare e guardare contenuti sul web.</summary>
    <assets>
      <icon>resources/media/logo.png</icon>
      <fanart>resources/media/fanart.jpg</fanart>
      <screenshot>resources/media/screenshot-1.png</screenshot>
      <screenshot>resources/media/screenshot-2.png</screenshot>
      <screenshot>resources/media/screenshot-3.png</screenshot>
    </assets>
      <news>- Riaperto addon
</news>
    <description lang="it">Naviga velocemente sul web e guarda i contenuti presenti</description>
    <disclaimer>[COLOR red]The owners and submitters to this addon do not host or distribute any of the content displayed by these addons nor do they have any affiliation with the content providers.[/COLOR]
    [COLOR yellow]Kodi © is a registered trademark of the XBMC Foundation. We are not connected to or in any other way affiliated with Kodi, Team Kodi, or the XBMC Foundation. Furthermore, any software, addons, or products offered by us will receive no support in official Kodi channels, including the Kodi forums and various social networks.[/COLOR]</disclaimer>
    <platform>all</platform>
    <license>GNU GPL v3</license>
    <website>https://stream4me.github.io/</website>
    <source>https://github.com/stream4me/addon</source>
  </extension>
  <extension point="xbmc.service" library="service.py" start="login|startup">
  </extension>
</addon>
